"Country or Area","Year(s)","GENDER","EDUCATION LEVEL","RESIDENCE AREA","WEALTH QUINTILE","Value","Value Footnotes"
"Albania","2008","Male","","","","66.6",""
"Albania","2008","Female","","","","67.1",""
"Albania","2008","","","Urban","","82.1",""
"Albania","2008","","","Rural","","56.8",""
"Albania","2008","","","","Q1 (Poorest)","48.8",""
"Albania","2008","","","","Q2","53.0",""
"Albania","2008","","","","Q3","67.4",""
"Albania","2008","","","","Q4","80.6",""
"Albania","2008","","","","Q5 (Richest)","90.9",""
"Albania","2008","","Primary","","","59.9",""
"Albania","2008","","Secondary or higher","","","80.0",""
"Armenia","2010","Male","","","","93.8",""
"Armenia","2010","Female","","","","91.7",""
"Armenia","2010","","","","Q1 (Poorest)","87.8",""
"Armenia","2010","","","","Q2","89.9",""
"Armenia","2010","","","","Q3","95.5",""
"Armenia","2010","","","","Q4","94.4",""
"Armenia","2010","","","","Q5 (Richest)","96.2",""
"Armenia","2010","","","Urban","","95.6",""
"Armenia","2010","","","Rural","","88.8",""
"Armenia","2010","","Secondary or higher","","","92.8",""
"Armenia","2005","Male","","","","70.1",""
"Armenia","2005","Female","","","","72.0",""
"Armenia","2005","","","Urban","","81.6",""
"Armenia","2005","","","Rural","","53.0",""
"Armenia","2005","","","","Q1 (Poorest)","47.2",""
"Armenia","2005","","","","Q2","59.6",""
"Armenia","2005","","","","Q3","78.0",""
"Armenia","2005","","","","Q4","78.8",""
"Armenia","2005","","","","Q5 (Richest)","86.9",""
"Armenia","2005","","Secondary or higher","","","70.7",""
"Armenia","2000","Male","","","","66.2",""
"Armenia","2000","Female","","","","62.6",""
"Armenia","2000","","","","Q1 (Poorest)","37.5",""
"Armenia","2000","","","","Q2","51.6",""
"Armenia","2000","","","","Q3","76.0",""
"Armenia","2000","","","","Q4","78.4",""
"Armenia","2000","","","","Q5 (Richest)","86.0",""
"Armenia","2000","","Secondary or higher","","","64.8",""
"Armenia","2000","","","Urban","","81.7",""
"Armenia","2000","","","Rural","","45.4",""
"Azerbaijan","2006","Male","","","","47.3",""
"Azerbaijan","2006","Female","","","","42.6",""
"Azerbaijan","2006","","","Urban","","59.9",""
"Azerbaijan","2006","","","Rural","","29.7",""
"Azerbaijan","2006","","","","Q1 (Poorest)","19.8",""
"Azerbaijan","2006","","","","Q2","32.7",""
"Azerbaijan","2006","","","","Q3","46.1",""
"Azerbaijan","2006","","","","Q4","63.6",""
"Azerbaijan","2006","","","","Q5 (Richest)","74.0",""
"Azerbaijan","2006","","Primary","","","14.6","1"
"Azerbaijan","2006","","Secondary or higher","","","45.8",""
"Bangladesh","2007","Male","","","","21.9",""
"Bangladesh","2007","Female","","","","19.3",""
"Bangladesh","2007","","","","Q1 (Poorest)","8.2",""
"Bangladesh","2007","","","","Q2","9.8",""
"Bangladesh","2007","","","","Q3","14.9",""
"Bangladesh","2007","","","","Q4","26.6",""
"Bangladesh","2007","","","","Q5 (Richest)","47.3",""
"Bangladesh","2007","","","Urban","","38.3",""
"Bangladesh","2007","","","Rural","","15.8",""
"Bangladesh","2007","","None","","","6.6",""
"Bangladesh","2007","","Primary","","","12.7",""
"Bangladesh","2007","","Secondary or higher","","","34.8",""
"Bangladesh","2004","Male","","","","16.0",""
"Bangladesh","2004","Female","","","","15.8",""
"Bangladesh","2004","","","Urban","","33.7",""
"Bangladesh","2004","","","Rural","","11.3",""
"Bangladesh","2004","","None","","","5.4",""
"Bangladesh","2004","","Primary","","","11.0",""
"Bangladesh","2004","","Secondary or higher","","","32.4",""
"Bangladesh","2004","","","","Q1 (Poorest)","3.9",""
"Bangladesh","2004","","","","Q2","7.1",""
"Bangladesh","2004","","","","Q3","12.0",""
"Bangladesh","2004","","","","Q4","18.2",""
"Bangladesh","2004","","","","Q5 (Richest)","44.8",""
"Bangladesh","1999","","","Urban","","30.7",""
"Bangladesh","1999","","","Rural","","6.3",""
"Bangladesh","1999","","None","","","2.8",""
"Bangladesh","1999","","Primary","","","6.7",""
"Bangladesh","1999","","Secondary or higher","","","28.7",""
"Bangladesh","1999","Male","","","","11.1",""
"Bangladesh","1999","Female","","","","10.0",""
"Bangladesh","1999","","","","Q1 (Poorest)","2.0",""
"Bangladesh","1999","","","","Q2","3.4",""
"Bangladesh","1999","","","","Q3","5.4",""
"Bangladesh","1999","","","","Q4","10.0",""
"Bangladesh","1999","","","","Q5 (Richest)","39.2",""
"Bangladesh","1996","Male","","","","6.9",""
"Bangladesh","1996","Female","","","","6.8",""
"Bangladesh","1996","","","Urban","","32.6",""
"Bangladesh","1996","","","Rural","","4.1",""
"Bangladesh","1996","","","","Q1 (Poorest)","1.6",""
"Bangladesh","1996","","","","Q2","2.0",""
"Bangladesh","1996","","","","Q3","2.5",""
"Bangladesh","1996","","","","Q4","5.7",""
"Bangladesh","1996","","","","Q5 (Richest)","26.8",""
"Bangladesh","1996","","None","","","2.3",""
"Bangladesh","1996","","Primary","","","4.1",""
"Bangladesh","1996","","Secondary or higher","","","25.8",""
"Benin","2006","","","Urban","","71.3",""
"Benin","2006","","","Rural","","54.6",""
"Benin","2006","Male","","","","60.9",""
"Benin","2006","Female","","","","60.2",""
"Benin","2006","","None","","","53.7",""
"Benin","2006","","Primary","","","76.3",""
"Benin","2006","","Secondary or higher","","","85.1",""
"Benin","2006","","","","Q1 (Poorest)","39.5",""
"Benin","2006","","","","Q2","50.1",""
"Benin","2006","","","","Q3","58.4",""
"Benin","2006","","","","Q4","70.9",""
"Benin","2006","","","","Q5 (Richest)","87.5",""
"Benin","2001","Male","","","","62.0",""
"Benin","2001","Female","","","","61.2",""
"Benin","2001","","","Urban","","71.4",""
"Benin","2001","","","Rural","","56.8",""
"Benin","2001","","","","Q1 (Poorest)","41.6",""
"Benin","2001","","","","Q2","52.8",""
"Benin","2001","","","","Q3","62.9",""
"Benin","2001","","","","Q4","72.4",""
"Benin","2001","","","","Q5 (Richest)","85.1",""
"Benin","2001","","None","","","56.1",""
"Benin","2001","","Primary","","","70.7",""
"Benin","2001","","Secondary or higher","","","88.3",""
"Bolivia (Plurinational State of)","2008","","None","","","49.0",""
"Bolivia (Plurinational State of)","2008","","Primary","","","63.5",""
"Bolivia (Plurinational State of)","2008","","Secondary or higher","","","84.8",""
"Bolivia (Plurinational State of)","2008","","","","Q1 (Poorest)","50.3",""
"Bolivia (Plurinational State of)","2008","","","","Q2","66.9",""
"Bolivia (Plurinational State of)","2008","","","","Q3","76.0",""
"Bolivia (Plurinational State of)","2008","","","","Q4","83.2",""
"Bolivia (Plurinational State of)","2008","","","","Q5 (Richest)","90.9",""
"Bolivia (Plurinational State of)","2008","","","Urban","","81.3",""
"Bolivia (Plurinational State of)","2008","","","Rural","","59.5",""
"Bolivia (Plurinational State of)","2008","Male","","","","72.7",""
"Bolivia (Plurinational State of)","2008","Female","","","","71.4",""
"Bolivia (Plurinational State of)","2003","","","Urban","","67.6",""
"Bolivia (Plurinational State of)","2003","","","Rural","","42.8",""
"Bolivia (Plurinational State of)","2003","","None","","","31.8",""
"Bolivia (Plurinational State of)","2003","","Primary","","","47.9",""
"Bolivia (Plurinational State of)","2003","","Secondary or higher","","","80.4",""
"Bolivia (Plurinational State of)","2003","Male","","","","58.1",""
"Bolivia (Plurinational State of)","2003","Female","","","","57.6",""
"Bolivia (Plurinational State of)","2003","","","","Q1 (Poorest)","34.7",""
"Bolivia (Plurinational State of)","2003","","","","Q2","49.1",""
"Bolivia (Plurinational State of)","2003","","","","Q3","58.7",""
"Bolivia (Plurinational State of)","2003","","","","Q4","70.8",""
"Bolivia (Plurinational State of)","2003","","","","Q5 (Richest)","87.5",""
"Bolivia (Plurinational State of)","1998","Male","","","","52.6",""
"Bolivia (Plurinational State of)","1998","Female","","","","50.1",""
"Bolivia (Plurinational State of)","1998","","","","Q1 (Poorest)","20.4",""
"Bolivia (Plurinational State of)","1998","","","","Q2","38.6",""
"Bolivia (Plurinational State of)","1998","","","","Q3","53.7",""
"Bolivia (Plurinational State of)","1998","","","","Q4","73.3",""
"Bolivia (Plurinational State of)","1998","","","","Q5 (Richest)","86.4",""
"Bolivia (Plurinational State of)","1998","","","Urban","","65.7",""
"Bolivia (Plurinational State of)","1998","","","Rural","","29.0",""
"Bolivia (Plurinational State of)","1998","","None","","","19.1",""
"Bolivia (Plurinational State of)","1998","","Primary","","","35.3",""
"Bolivia (Plurinational State of)","1998","","Secondary or higher","","","75.0",""
"Brazil","1996","","None","","","42.2",""
"Brazil","1996","","Primary","","","70.7",""
"Brazil","1996","","Secondary or higher","","","89.8",""
"Brazil","1996","","","","Q1 (Poorest)","55.3",""
"Brazil","1996","","","","Q2","77.4",""
"Brazil","1996","","","","Q3","88.8",""
"Brazil","1996","","","","Q4","93.7",""
"Brazil","1996","","","","Q5 (Richest)","96.0",""
"Brazil","1996","","","Urban","","86.0",""
"Brazil","1996","","","Rural","","59.2",""
"Brazil","1996","Male","","","","81.2",""
"Brazil","1996","Female","","","","78.7",""
"Burkina Faso","2003","","","","Q1 (Poorest)","11.9",""
"Burkina Faso","2003","","","","Q2","12.1",""
"Burkina Faso","2003","","","","Q3","16.4",""
"Burkina Faso","2003","","","","Q4","18.6",""
"Burkina Faso","2003","","","","Q5 (Richest)","31.8",""
"Burkina Faso","2003","Male","","","","17.3",""
"Burkina Faso","2003","Female","","","","17.9",""
"Burkina Faso","2003","","None","","","15.3",""
"Burkina Faso","2003","","Primary","","","28.8",""
"Burkina Faso","2003","","Secondary or higher","","","42.3",""
"Burkina Faso","2003","","","Urban","","33.4",""
"Burkina Faso","2003","","","Rural","","15.0",""
"Burkina Faso","1998","Male","","","","23.2",""
"Burkina Faso","1998","Female","","","","23.3",""
"Burkina Faso","1998","","None","","","21.8",""
"Burkina Faso","1998","","Primary","","","32.6",""
"Burkina Faso","1998","","Secondary or higher","","","48.3",""
"Burkina Faso","1998","","","Urban","","34.7",""
"Burkina Faso","1998","","","Rural","","21.8",""
"Burkina Faso","1998","","","","Q1 (Poorest)","17.0",""
"Burkina Faso","1998","","","","Q2","20.2",""
"Burkina Faso","1998","","","","Q3","19.5",""
"Burkina Faso","1998","","","","Q4","26.7",""
"Burkina Faso","1998","","","","Q5 (Richest)","35.2",""
"Cambodia","2010","Male","","","","58.6",""
"Cambodia","2010","Female","","","","60.2",""
"Cambodia","2010","","None","","","40.0",""
"Cambodia","2010","","Primary","","","56.8",""
"Cambodia","2010","","Secondary or higher","","","77.7",""
"Cambodia","2010","","","Urban","","80.3",""
"Cambodia","2010","","","Rural","","55.3",""
"Cambodia","2010","","","","Q1 (Poorest)","42.8",""
"Cambodia","2010","","","","Q2","51.4",""
"Cambodia","2010","","","","Q3","57.9",""
"Cambodia","2010","","","","Q4","70.6",""
"Cambodia","2010","","","","Q5 (Richest)","82.4",""
"Cambodia","2005","","","Urban","","43.2",""
"Cambodia","2005","","","Rural","","24.4",""
"Cambodia","2005","Male","","","","27.4",""
"Cambodia","2005","Female","","","","26.7",""
"Cambodia","2005","","None","","","15.6",""
"Cambodia","2005","","Primary","","","24.6",""
"Cambodia","2005","","Secondary or higher","","","50.1",""
"Cambodia","2005","","","","Q1 (Poorest)","15.1",""
"Cambodia","2005","","","","Q2","19.0",""
"Cambodia","2005","","","","Q3","22.5",""
"Cambodia","2005","","","","Q4","30.6",""
"Cambodia","2005","","","","Q5 (Richest)","56.8",""
"Cambodia","2000","","","Urban","","23.0",""
"Cambodia","2000","","","Rural","","6.6",""
"Cambodia","2000","Male","","","","9.0",""
"Cambodia","2000","Female","","","","8.8",""
"Cambodia","2000","","None","","","3.7",""
"Cambodia","2000","","Primary","","","7.2",""
"Cambodia","2000","","Secondary or higher","","","26.5",""
"Cambodia","2000","","","","Q1 (Poorest)","2.9",""
"Cambodia","2000","","","","Q2","5.5",""
"Cambodia","2000","","","","Q3","4.8",""
"Cambodia","2000","","","","Q4","8.1",""
"Cambodia","2000","","","","Q5 (Richest)","31.3",""
"Cameroon","2004","","None","","","34.8",""
"Cameroon","2004","","Primary","","","63.5",""
"Cameroon","2004","","Secondary or higher","","","79.9",""
"Cameroon","2004","","","Urban","","74.4",""
"Cameroon","2004","","","Rural","","48.4",""
"Cameroon","2004","Male","","","","60.6",""
"Cameroon","2004","Female","","","","60.2",""
"Cameroon","2004","","","","Q1 (Poorest)","39.2",""
"Cameroon","2004","","","","Q2","47.4",""
"Cameroon","2004","","","","Q3","62.6",""
"Cameroon","2004","","","","Q4","75.2",""
"Cameroon","2004","","","","Q5 (Richest)","85.7",""
"Chad","2004","","","","Q1 (Poorest)","2.2",""
"Chad","2004","","","","Q2","11.7",""
"Chad","2004","","","","Q3","11.9",""
"Chad","2004","","","","Q4","20.6",""
"Chad","2004","","","","Q5 (Richest)","43.7",""
"Chad","2004","Male","","","","17.8",""
"Chad","2004","Female","","","","17.7",""
"Chad","2004","","","Urban","","43.7",""
"Chad","2004","","","Rural","","11.7",""
"Chad","2004","","None","","","13.2",""
"Chad","2004","","Primary","","","27.1",""
"Chad","2004","","Secondary or higher","","","56.6",""
"Chad","1996","","None","","","10.3",""
"Chad","1996","","Primary","","","28.6",""
"Chad","1996","","Secondary or higher","","","56.0",""
"Chad","1996","Male","","","","14.9",""
"Chad","1996","Female","","","","15.3",""
"Chad","1996","","","Urban","","35.9",""
"Chad","1996","","","Rural","","9.2",""
"Chad","1996","","","","Q1 (Poorest)","5.0",""
"Chad","1996","","","","Q2","6.6",""
"Chad","1996","","","","Q3","10.4",""
"Chad","1996","","","","Q4","17.2",""
"Chad","1996","","","","Q5 (Richest)","39.8",""
"Colombia","2010","Male","","","","88.6",""
"Colombia","2010","Female","","","","88.6",""
"Colombia","2010","","","","Q1 (Poorest)","78.5",""
"Colombia","2010","","","","Q2","88.0",""
"Colombia","2010","","","","Q3","90.9",""
"Colombia","2010","","","","Q4","93.6",""
"Colombia","2010","","","","Q5 (Richest)","96.1",""
"Colombia","2010","","","Urban","","91.2",""
"Colombia","2010","","","Rural","","81.4",""
"Colombia","2010","","None","","","61.0",""
"Colombia","2010","","Primary","","","80.3",""
"Colombia","2010","","Secondary or higher","","","91.9",""
"Colombia","2005","Male","","","","82.9",""
"Colombia","2005","Female","","","","83.2",""
"Colombia","2005","","","Urban","","86.9",""
"Colombia","2005","","","Rural","","73.3",""
"Colombia","2005","","","","Q1 (Poorest)","67.0",""
"Colombia","2005","","","","Q2","81.3",""
"Colombia","2005","","","","Q3","87.5",""
"Colombia","2005","","","","Q4","89.9",""
"Colombia","2005","","","","Q5 (Richest)","94.4",""
"Colombia","2005","","None","","","55.2",""
"Colombia","2005","","Primary","","","73.9",""
"Colombia","2005","","Secondary or higher","","","88.6",""
"Colombia","2000","","","","Q1 (Poorest)","60.4",""
"Colombia","2000","","","","Q2","77.1",""
"Colombia","2000","","","","Q3","86.7",""
"Colombia","2000","","","","Q4","91.0",""
"Colombia","2000","","","","Q5 (Richest)","90.6",""
"Colombia","2000","","None","","","54.7",""
"Colombia","2000","","Primary","","","69.3",""
"Colombia","2000","","Secondary or higher","","","88.6",""
"Colombia","2000","Male","","","","81.4",""
"Colombia","2000","Female","","","","78.9",""
"Colombia","2000","","","Urban","","85.3",""
"Colombia","2000","","","Rural","","67.7",""
"Colombia","1995","","","Urban","","83.4",""
"Colombia","1995","","","Rural","","55.8",""
"Colombia","1995","","None","","","32.3",""
"Colombia","1995","","Primary","","","62.3",""
"Colombia","1995","","Secondary or higher","","","87.4",""
"Colombia","1995","Male","","","","75.0",""
"Colombia","1995","Female","","","","73.9",""
"Colombia","1995","","","","Q1 (Poorest)","46.4",""
"Colombia","1995","","","","Q2","67.8",""
"Colombia","1995","","","","Q3","82.1",""
"Colombia","1995","","","","Q4","89.6",""
"Colombia","1995","","","","Q5 (Richest)","93.3",""
"Congo","2005","","None","","","55.4",""
"Congo","2005","","Primary","","","67.8",""
"Congo","2005","","Secondary or higher","","","81.6",""
"Congo","2005","","","","Q1 (Poorest)","60.1",""
"Congo","2005","","","","Q2","70.9",""
"Congo","2005","","","","Q3","76.8",""
"Congo","2005","","","","Q4","80.6",""
"Congo","2005","","","","Q5 (Richest)","90.5",""
"Congo","2005","","","Urban","","82.2",""
"Congo","2005","","","Rural","","67.6",""
"Congo","2005","Male","","","","73.1",""
"Congo","2005","Female","","","","76.5",""
"Côte d’Ivoire","1998","Male","","","","34.5",""
"Côte d’Ivoire","1998","Female","","","","41.1",""
"Côte d’Ivoire","1998","","","","Q1 (Poorest)","17.0",""
"Côte d’Ivoire","1998","","","","Q2","30.5",""
"Côte d’Ivoire","1998","","","","Q3","33.9",""
"Côte d’Ivoire","1998","","","","Q4","48.1",""
"Côte d’Ivoire","1998","","","","Q5 (Richest)","71.0",""
"Côte d’Ivoire","1998","","","Urban","","53.2",""
"Côte d’Ivoire","1998","","","Rural","","30.0",""
"Côte d’Ivoire","1998","","None","","","26.4",""
"Côte d’Ivoire","1998","","Primary","","","52.2",""
"Côte d’Ivoire","1998","","Secondary or higher","","","73.8",""
"Democratic Republic of the Congo","2007","Male","","","","45.6",""
"Democratic Republic of the Congo","2007","Female","","","","47.9",""
"Democratic Republic of the Congo","2007","","None","","","36.6",""
"Democratic Republic of the Congo","2007","","Primary","","","43.2",""
"Democratic Republic of the Congo","2007","","Secondary or higher","","","57.4",""
"Democratic Republic of the Congo","2007","","","Urban","","53.0",""
"Democratic Republic of the Congo","2007","","","Rural","","42.6",""
"Democratic Republic of the Congo","2007","","","","Q1 (Poorest)","41.2",""
"Democratic Republic of the Congo","2007","","","","Q2","43.9",""
"Democratic Republic of the Congo","2007","","","","Q3","44.6",""
"Democratic Republic of the Congo","2007","","","","Q4","44.5",""
"Democratic Republic of the Congo","2007","","","","Q5 (Richest)","62.8",""
"Dominican Republic","2007","","","","Q1 (Poorest)","90.0",""
"Dominican Republic","2007","","","","Q2","94.3",""
"Dominican Republic","2007","","","","Q3","96.1",""
"Dominican Republic","2007","","","","Q4","96.2",""
"Dominican Republic","2007","","","","Q5 (Richest)","97.4",""
"Dominican Republic","2007","","","Urban","","94.7",""
"Dominican Republic","2007","","","Rural","","94.2",""
"Dominican Republic","2007","","None","","","87.5",""
"Dominican Republic","2007","","Primary","","","91.8",""
"Dominican Republic","2007","","Secondary or higher","","","96.8",""
"Dominican Republic","2007","Male","","","","94.2",""
"Dominican Republic","2007","Female","","","","94.9",""
"Dominican Republic","2002","Male","","","","93.0",""
"Dominican Republic","2002","Female","","","","94.0",""
"Dominican Republic","2002","","","Urban","","94.2",""
"Dominican Republic","2002","","","Rural","","92.1",""
"Dominican Republic","2002","","","","Q1 (Poorest)","88.0",""
"Dominican Republic","2002","","","","Q2","92.6",""
"Dominican Republic","2002","","","","Q3","94.8",""
"Dominican Republic","2002","","","","Q4","95.4",""
"Dominican Republic","2002","","","","Q5 (Richest)","97.0",""
"Dominican Republic","2002","","None","","","82.7",""
"Dominican Republic","2002","","Primary","","","92.1",""
"Dominican Republic","2002","","Secondary or higher","","","95.7",""
"Dominican Republic","1999","","Primary","","","89.7",""
"Dominican Republic","1999","","Secondary or higher","","","96.3",""
"Dominican Republic","1999","","","Urban","","92.7",""
"Dominican Republic","1999","","","Rural","","91.0",""
"Dominican Republic","1999","","","","Q1 (Poorest)","84.0",""
"Dominican Republic","1999","","","","Q2","93.2",""
"Dominican Republic","1999","","","","Q3","93.1",""
"Dominican Republic","1999","","","","Q4","92.9",""
"Dominican Republic","1999","","","","Q5 (Richest)","96.6",""
"Dominican Republic","1999","Male","","","","94.0",""
"Dominican Republic","1999","Female","","","","90.2",""
"Dominican Republic","1996","","None","","","70.7",""
"Dominican Republic","1996","","Primary","","","85.7",""
"Dominican Republic","1996","","Secondary or higher","","","96.5",""
"Dominican Republic","1996","","","Urban","","91.6",""
"Dominican Republic","1996","","","Rural","","84.4",""
"Dominican Republic","1996","Male","","","","88.3",""
"Dominican Republic","1996","Female","","","","89.5",""
"Dominican Republic","1996","","","","Q1 (Poorest)","77.5",""
"Dominican Republic","1996","","","","Q2","87.3",""
"Dominican Republic","1996","","","","Q3","90.9",""
"Dominican Republic","1996","","","","Q4","95.1",""
"Dominican Republic","1996","","","","Q5 (Richest)","95.9",""
"Egypt","2008","","None","","","45.7",""
"Egypt","2008","","Primary","","","59.2",""
"Egypt","2008","","Secondary or higher","","","75.9",""
"Egypt","2008","Male","","","","66.4",""
"Egypt","2008","Female","","","","66.7",""
"Egypt","2008","","","Urban","","80.5",""
"Egypt","2008","","","Rural","","57.9",""
"Egypt","2008","","","","Q1 (Poorest)","41.7",""
"Egypt","2008","","","","Q2","55.9",""
"Egypt","2008","","","","Q3","64.5",""
"Egypt","2008","","","","Q4","80.5",""
"Egypt","2008","","","","Q5 (Richest)","89.4",""
"Egypt","2005","Male","","","","61.4",""
"Egypt","2005","Female","","","","60.1",""
"Egypt","2005","","","Urban","","76.4",""
"Egypt","2005","","","Rural","","51.1",""
"Egypt","2005","","","","Q1 (Poorest)","32.8",""
"Egypt","2005","","","","Q2","47.4",""
"Egypt","2005","","","","Q3","61.2",""
"Egypt","2005","","","","Q4","75.9",""
"Egypt","2005","","","","Q5 (Richest)","88.1",""
"Egypt","2005","","None","","","38.6",""
"Egypt","2005","","Primary","","","52.2",""
"Egypt","2005","","Secondary or higher","","","74.5",""
"Egypt","2000","Male","","","","38.5",""
"Egypt","2000","Female","","","","39.6",""
"Egypt","2000","","None","","","19.4",""
"Egypt","2000","","Primary","","","33.5",""
"Egypt","2000","","Secondary or higher","","","57.6",""
"Egypt","2000","","","","Q1 (Poorest)","15.4",""
"Egypt","2000","","","","Q2","22.4",""
"Egypt","2000","","","","Q3","36.6",""
"Egypt","2000","","","","Q4","49.0",""
"Egypt","2000","","","","Q5 (Richest)","70.6",""
"Egypt","2000","","","Urban","","54.8",""
"Egypt","2000","","","Rural","","28.3",""
"Egypt","1995","","None","","","13.0",""
"Egypt","1995","","Primary","","","25.0",""
"Egypt","1995","","Secondary or higher","","","55.4",""
"Egypt","1995","","","Urban","","50.9",""
"Egypt","1995","","","Rural","","16.1",""
"Egypt","1995","","","","Q1 (Poorest)","7.3",""
"Egypt","1995","","","","Q2","11.9",""
"Egypt","1995","","","","Q3","26.2",""
"Egypt","1995","","","","Q4","40.2",""
"Egypt","1995","","","","Q5 (Richest)","71.4",""
"Egypt","1995","Male","","","","30.4",""
"Egypt","1995","Female","","","","30.5",""
"Ethiopia","2011","Male","","","","18.0",""
"Ethiopia","2011","Female","","","","20.2",""
"Ethiopia","2011","","","Urban","","45.5",""
"Ethiopia","2011","","","Rural","","14.4",""
"Ethiopia","2011","","","","Q1 (Poorest)","8.3",""
"Ethiopia","2011","","","","Q2","11.7",""
"Ethiopia","2011","","","","Q3","13.8",""
"Ethiopia","2011","","","","Q4","21.4",""
"Ethiopia","2011","","","","Q5 (Richest)","46.0",""
"Ethiopia","2011","","None","","","12.2",""
"Ethiopia","2011","","Primary","","","27.5",""
"Ethiopia","2011","","Secondary or higher","","","64.9",""
"Ethiopia","2005","","None","","","7.9",""
"Ethiopia","2005","","Primary","","","16.8",""
"Ethiopia","2005","","Secondary or higher","","","63.1",""
"Ethiopia","2005","","","","Q1 (Poorest)","4.0",""
"Ethiopia","2005","","","","Q2","6.1",""
"Ethiopia","2005","","","","Q3","8.5",""
"Ethiopia","2005","","","","Q4","8.7",""
"Ethiopia","2005","","","","Q5 (Richest)","39.3",""
"Ethiopia","2005","","","Urban","","54.6",""
"Ethiopia","2005","","","Rural","","8.1",""
"Ethiopia","2005","Male","","","","11.7",""
"Ethiopia","2005","Female","","","","12.6",""
"Ethiopia","2000","","","Urban","","43.7",""
"Ethiopia","2000","","","Rural","","6.2",""
"Ethiopia","2000","","","","Q1 (Poorest)","4.1",""
"Ethiopia","2000","","","","Q2","4.6",""
"Ethiopia","2000","","","","Q3","6.0",""
"Ethiopia","2000","","","","Q4","7.0",""
"Ethiopia","2000","","","","Q5 (Richest)","34.7",""
"Ethiopia","2000","","None","","","6.2",""
"Ethiopia","2000","","Primary","","","21.8",""
"Ethiopia","2000","","Secondary or higher","","","49.2",""
"Ethiopia","2000","Male","","","","11.0",""
"Ethiopia","2000","Female","","","","9.8",""
"Gabon","2000","Male","","","","63.3",""
"Gabon","2000","Female","","","","63.3",""
"Gabon","2000","","None","","","63.8",""
"Gabon","2000","","Primary","","","55.2",""
"Gabon","2000","","Secondary or higher","","","69.2",""
"Gabon","2000","","","","Q1 (Poorest)","41.8",""
"Gabon","2000","","","","Q2","56.8",""
"Gabon","2000","","","","Q3","66.4",""
"Gabon","2000","","","","Q4","71.9",""
"Gabon","2000","","","","Q5 (Richest)","80.6",""
"Gabon","2000","","","Urban","","69.4",""
"Gabon","2000","","","Rural","","44.4",""
"Ghana","2008","","","","Q1 (Poorest)","62.9",""
"Ghana","2008","","","","Q2","73.2",""
"Ghana","2008","","","","Q3","77.6",""
"Ghana","2008","","","","Q4","89.1",""
"Ghana","2008","","","","Q5 (Richest)","93.8",""
"Ghana","2008","","","Urban","","88.0",""
"Ghana","2008","","","Rural","","71.5",""
"Ghana","2008","Male","","","","79.3",""
"Ghana","2008","Female","","","","76.9",""
"Ghana","2008","","None","","","68.4",""
"Ghana","2008","","Primary","","","72.0",""
"Ghana","2008","","Secondary or higher","","","88.2",""
"Ghana","2003","","","Urban","","84.3",""
"Ghana","2003","","","Rural","","61.0",""
"Ghana","2003","","None","","","58.5",""
"Ghana","2003","","Primary","","","68.3",""
"Ghana","2003","","Secondary or higher","","","80.7",""
"Ghana","2003","Male","","","","68.8",""
"Ghana","2003","Female","","","","69.9",""
"Ghana","2003","","","","Q1 (Poorest)","55.6",""
"Ghana","2003","","","","Q2","62.6",""
"Ghana","2003","","","","Q3","66.2",""
"Ghana","2003","","","","Q4","80.0",""
"Ghana","2003","","","","Q5 (Richest)","91.0",""
"Ghana","1998","Male","","","","63.7",""
"Ghana","1998","Female","","","","63.7",""
"Ghana","1998","","None","","","50.7",""
"Ghana","1998","","Primary","","","58.8",""
"Ghana","1998","","Secondary or higher","","","77.0",""
"Ghana","1998","","","Urban","","78.6",""
"Ghana","1998","","","Rural","","58.5",""
"Ghana","1998","","","","Q1 (Poorest)","45.7",""
"Ghana","1998","","","","Q2","60.5",""
"Ghana","1998","","","","Q3","63.2",""
"Ghana","1998","","","","Q4","73.9",""
"Ghana","1998","","","","Q5 (Richest)","87.6",""
"Guatemala","1998","","","","Q1 (Poorest)","51.0",""
"Guatemala","1998","","","","Q2","65.1",""
"Guatemala","1998","","","","Q3","76.2",""
"Guatemala","1998","","","","Q4","76.4",""
"Guatemala","1998","","","","Q5 (Richest)","92.5",""
"Guatemala","1998","","","Urban","","78.8",""
"Guatemala","1998","","","Rural","","65.9",""
"Guatemala","1998","","None","","","60.0",""
"Guatemala","1998","","Primary","","","71.0",""
"Guatemala","1998","","Secondary or higher","","","91.0",""
"Guatemala","1998","Male","","","","70.4",""
"Guatemala","1998","Female","","","","71.7",""
"Guatemala","1995","Male","","","","66.4",""
"Guatemala","1995","Female","","","","67.8",""
"Guatemala","1995","","","","Q1 (Poorest)","53.6",""
"Guatemala","1995","","","","Q2","59.8",""
"Guatemala","1995","","","","Q3","65.6",""
"Guatemala","1995","","","","Q4","75.4",""
"Guatemala","1995","","","","Q5 (Richest)","91.0",""
"Guatemala","1995","","","Urban","","75.0",""
"Guatemala","1995","","","Rural","","62.8",""
"Guatemala","1995","","None","","","55.8",""
"Guatemala","1995","","Primary","","","68.6",""
"Guatemala","1995","","Secondary or higher","","","89.6",""
"Guinea","2005","Male","","","","50.1",""
"Guinea","2005","Female","","","","47.4",""
"Guinea","2005","","","Urban","","65.7",""
"Guinea","2005","","","Rural","","43.4",""
"Guinea","2005","","","","Q1 (Poorest)","36.6",""
"Guinea","2005","","","","Q2","39.3",""
"Guinea","2005","","","","Q3","47.1",""
"Guinea","2005","","","","Q4","58.4",""
"Guinea","2005","","","","Q5 (Richest)","69.8",""
"Guinea","2005","","None","","","45.8",""
"Guinea","2005","","Primary","","","66.4",""
"Guinea","2005","","Secondary or higher","","","65.9",""
"Guinea","1999","","","Urban","","69.3",""
"Guinea","1999","","","Rural","","41.9",""
"Guinea","1999","","None","","","45.4",""
"Guinea","1999","","Primary","","","65.8",""
"Guinea","1999","","Secondary or higher","","","78.6",""
"Guinea","1999","Male","","","","48.5",""
"Guinea","1999","Female","","","","49.8",""
"Guinea","1999","","","","Q1 (Poorest)","36.4",""
"Guinea","1999","","","","Q2","33.3",""
"Guinea","1999","","","","Q3","47.0",""
"Guinea","1999","","","","Q4","61.4",""
"Guinea","1999","","","","Q5 (Richest)","73.6",""
"Guyana","2009","Male","","","","77.5",""
"Guyana","2009","Female","","","","79.5",""
"Guyana","2009","","","Urban","","82.1",""
"Guyana","2009","","","Rural","","77.3",""
"Guyana","2009","","","","Q1 (Poorest)","72.0",""
"Guyana","2009","","","","Q2","79.1",""
"Guyana","2009","","","","Q3","78.3",""
"Guyana","2009","","","","Q4","82.6",""
"Guyana","2009","","","","Q5 (Richest)","83.4",""
"Guyana","2009","","None","","","58.7","1"
"Guyana","2009","","Primary","","","69.5",""
"Guyana","2009","","Secondary or higher","","","81.6",""
"Haiti","2005","","None","","","36.0",""
"Haiti","2005","","Primary","","","51.7",""
"Haiti","2005","","Secondary or higher","","","78.6",""
"Haiti","2005","","","","Q1 (Poorest)","33.0",""
"Haiti","2005","","","","Q2","43.5",""
"Haiti","2005","","","","Q3","53.8",""
"Haiti","2005","","","","Q4","63.1",""
"Haiti","2005","","","","Q5 (Richest)","82.0",""
"Haiti","2005","","","Urban","","66.9",""
"Haiti","2005","","","Rural","","46.2",""
"Haiti","2005","Male","","","","54.5",""
"Haiti","2005","Female","","","","53.2",""
"Haiti","2000","Male","","","","42.4",""
"Haiti","2000","Female","","","","45.9",""
"Haiti","2000","","","","Q1 (Poorest)","23.6",""
"Haiti","2000","","","","Q2","34.3",""
"Haiti","2000","","","","Q3","45.2",""
"Haiti","2000","","","","Q4","50.0",""
"Haiti","2000","","","","Q5 (Richest)","71.3",""
"Haiti","2000","","None","","","28.8",""
"Haiti","2000","","Primary","","","46.0",""
"Haiti","2000","","Secondary or higher","","","72.4",""
"Haiti","2000","","","Urban","","60.6",""
"Haiti","2000","","","Rural","","35.3",""
"Haiti","1994","","","","Q1 (Poorest)","12.4",""
"Haiti","1994","","","","Q2","24.7",""
"Haiti","1994","","","","Q3","35.6",""
"Haiti","1994","","","","Q4","52.7",""
"Haiti","1994","","","","Q5 (Richest)","72.6",""
"Haiti","1994","","None","","","21.2",""
"Haiti","1994","","Primary","","","43.4",""
"Haiti","1994","","Secondary or higher","","","75.0",""
"Haiti","1994","Male","","","","39.1",""
"Haiti","1994","Female","","","","35.6",""
"Haiti","1994","","","Urban","","57.2",""
"Haiti","1994","","","Rural","","26.6",""
"Honduras","2005","Male","","","","80.8",""
"Honduras","2005","Female","","","","80.9",""
"Honduras","2005","","","Urban","","86.9",""
"Honduras","2005","","","Rural","","75.8",""
"Honduras","2005","","","","Q1 (Poorest)","69.3",""
"Honduras","2005","","","","Q2","76.9",""
"Honduras","2005","","","","Q3","79.4",""
"Honduras","2005","","","","Q4","86.2",""
"Honduras","2005","","","","Q5 (Richest)","95.5",""
"Honduras","2005","","None","","","61.6",""
"Honduras","2005","","Primary","","","78.8",""
"Honduras","2005","","Secondary or higher","","","92.6",""
"India","2005","","None","","","16.0",""
"India","2005","","Primary","","","35.5",""
"India","2005","","Secondary or higher","","","63.2",""
"India","2005","","","","Q1 (Poorest)","12.1",""
"India","2005","","","","Q2","21.1",""
"India","2005","","","","Q3","36.6",""
"India","2005","","","","Q4","53.0",""
"India","2005","","","","Q5 (Richest)","77.3",""
"India","2005","","","Urban","","62.4",""
"India","2005","","","Rural","","27.7",""
"India","2005","Male","","","","37.5",""
"India","2005","Female","","","","36.4",""
"Indonesia","2007","Male","","","","81.1",""
"Indonesia","2007","Female","","","","81.9",""
"Indonesia","2007","","None","","","44.0",""
"Indonesia","2007","","Primary","","","73.3",""
"Indonesia","2007","","Secondary or higher","","","89.8",""
"Indonesia","2007","","","Urban","","89.9",""
"Indonesia","2007","","","Rural","","75.5",""
"Indonesia","2007","","","","Q1 (Poorest)","61.1",""
"Indonesia","2007","","","","Q2","78.3",""
"Indonesia","2007","","","","Q3","83.4",""
"Indonesia","2007","","","","Q4","90.6",""
"Indonesia","2007","","","","Q5 (Richest)","96.4",""
"Indonesia","2002","","","Urban","","87.5",""
"Indonesia","2002","","","Rural","","75.2",""
"Indonesia","2002","Male","","","","80.5",""
"Indonesia","2002","Female","","","","81.4",""
"Indonesia","2002","","None","","","51.6",""
"Indonesia","2002","","Primary","","","74.2",""
"Indonesia","2002","","Secondary or higher","","","90.8",""
"Indonesia","2002","","","","Q1 (Poorest)","61.6",""
"Indonesia","2002","","","","Q2","78.1",""
"Indonesia","2002","","","","Q3","83.2",""
"Indonesia","2002","","","","Q4","90.0",""
"Indonesia","2002","","","","Q5 (Richest)","95.4",""
"Indonesia","1997","","None","","","46.7",""
"Indonesia","1997","","Primary","","","67.0",""
"Indonesia","1997","","Secondary or higher","","","87.3",""
"Indonesia","1997","","","","Q1 (Poorest)","47.6",""
"Indonesia","1997","","","","Q2","66.5",""
"Indonesia","1997","","","","Q3","74.2",""
"Indonesia","1997","","","","Q4","83.7",""
"Indonesia","1997","","","","Q5 (Richest)","92.9",""
"Indonesia","1997","Male","","","","70.8",""
"Indonesia","1997","Female","","","","73.3",""
"Indonesia","1997","","","Urban","","88.1",""
"Indonesia","1997","","","Rural","","66.0",""
"Indonesia","1994","","","Urban","","86.2",""
"Indonesia","1994","","","Rural","","56.9",""
"Indonesia","1994","Male","","","","65.2",""
"Indonesia","1994","Female","","","","65.0",""
"Indonesia","1994","","None","","","36.5",""
"Indonesia","1994","","Primary","","","61.0",""
"Indonesia","1994","","Secondary or higher","","","85.8",""
"Jordan","2007","","","","Q1 (Poorest)","90.0",""
"Jordan","2007","","","","Q2","93.8",""
"Jordan","2007","","","","Q3","95.4",""
"Jordan","2007","","","","Q4","94.9",""
"Jordan","2007","","","","Q5 (Richest)","98.4",""
"Jordan","2007","","","Urban","","94.8",""
"Jordan","2007","","","Rural","","90.7",""
"Jordan","2007","","None","","","75.8",""
"Jordan","2007","","Primary","","","85.0",""
"Jordan","2007","","Secondary or higher","","","95.1",""
"Jordan","2007","Male","","","","93.5",""
"Jordan","2007","Female","","","","94.7",""
"Jordan","2002","","","","Q1 (Poorest)","85.7",""
"Jordan","2002","","","","Q2","90.2",""
"Jordan","2002","","","","Q3","91.1",""
"Jordan","2002","","","","Q4","94.4",""
"Jordan","2002","","","","Q5 (Richest)","96.4",""
"Jordan","2002","","None","","","68.6",""
"Jordan","2002","","Primary","","","88.1",""
"Jordan","2002","","Secondary or higher","","","92.2",""
"Jordan","2002","Male","","","","91.2",""
"Jordan","2002","Female","","","","90.6",""
"Jordan","2002","","","Urban","","92.1",""
"Jordan","2002","","","Rural","","86.4",""
"Jordan","1997","","None","","","67.9",""
"Jordan","1997","","Primary","","","77.8",""
"Jordan","1997","","Secondary or higher","","","89.0",""
"Jordan","1997","","","Urban","","88.0",""
"Jordan","1997","","","Rural","","78.2",""
"Jordan","1997","Male","","","","85.9",""
"Jordan","1997","Female","","","","86.7",""
"Jordan","1997","","","","Q1 (Poorest)","78.5",""
"Jordan","1997","","","","Q2","84.4",""
"Jordan","1997","","","","Q3","88.5",""
"Jordan","1997","","","","Q4","90.1",""
"Jordan","1997","","","","Q5 (Richest)","90.9",""
"Kazakhstan","1999","Male","","","","71.1",""
"Kazakhstan","1999","Female","","","","68.8",""
"Kazakhstan","1999","","","","Q1 (Poorest)","66.4",""
"Kazakhstan","1999","","","","Q2","67.1",""
"Kazakhstan","1999","","","","Q3","70.8",""
"Kazakhstan","1999","","","","Q4","70.8",""
"Kazakhstan","1999","","","","Q5 (Richest)","77.0",""
"Kazakhstan","1999","","Secondary or higher","","","69.9",""
"Kazakhstan","1999","","","Urban","","70.2",""
"Kazakhstan","1999","","","Rural","","69.9",""
"Kenya","2008","","None","","","34.6",""
"Kenya","2008","","Primary","","","42.4",""
"Kenya","2008","","Secondary or higher","","","63.8",""
"Kenya","2008","Male","","","","46.0",""
"Kenya","2008","Female","","","","48.4",""
"Kenya","2008","","","Urban","","59.9",""
"Kenya","2008","","","Rural","","43.8",""
"Kenya","2008","","","","Q1 (Poorest)","36.0",""
"Kenya","2008","","","","Q2","38.8",""
"Kenya","2008","","","","Q3","41.1",""
"Kenya","2008","","","","Q4","55.3",""
"Kenya","2008","","","","Q5 (Richest)","63.4",""
"Kenya","2003","","None","","","35.6",""
"Kenya","2003","","Primary","","","50.3",""
"Kenya","2003","","Secondary or higher","","","68.2",""
"Kenya","2003","","","Urban","","66.7",""
"Kenya","2003","","","Rural","","48.6",""
"Kenya","2003","Male","","","","51.8",""
"Kenya","2003","Female","","","","52.9",""
"Kenya","2003","","","","Q1 (Poorest)","41.2",""
"Kenya","2003","","","","Q2","44.8",""
"Kenya","2003","","","","Q3","51.2",""
"Kenya","2003","","","","Q4","56.4",""
"Kenya","2003","","","","Q5 (Richest)","68.5",""
"Kenya","1993","","None","","","56.3",""
"Kenya","1993","","Primary","","","62.5",""
"Kenya","1993","","Secondary or higher","","","74.5",""
"Kenya","1993","Male","","","","66.1",""
"Kenya","1993","Female","","","","62.1",""
"Kenya","1993","","","Urban","","73.3",""
"Kenya","1993","","","Rural","","62.6",""
"Kenya","1993","","","","Q1 (Poorest)","56.4",""
"Kenya","1993","","","","Q2","63.3",""
"Kenya","1993","","","","Q3","62.7",""
"Kenya","1993","","","","Q4","65.5",""
"Kenya","1993","","","","Q5 (Richest)","73.6",""
"Lesotho","2009","","","Urban","","82.5",""
"Lesotho","2009","","","Rural","","66.3",""
"Lesotho","2009","Male","","","","70.7",""
"Lesotho","2009","Female","","","","70.1",""
"Lesotho","2009","","","","Q1 (Poorest)","58.1",""
"Lesotho","2009","","","","Q2","64.9",""
"Lesotho","2009","","","","Q3","67.8",""
"Lesotho","2009","","","","Q4","74.8",""
"Lesotho","2009","","","","Q5 (Richest)","85.3",""
"Lesotho","2009","","None","","","67.5",""
"Lesotho","2009","","Primary","","","63.6",""
"Lesotho","2009","","Secondary or higher","","","78.6",""
"Lesotho","2004","","","","Q1 (Poorest)","61.1",""
"Lesotho","2004","","","","Q2","62.5",""
"Lesotho","2004","","","","Q3","68.1",""
"Lesotho","2004","","","","Q4","75.3",""
"Lesotho","2004","","","","Q5 (Richest)","81.5",""
"Lesotho","2004","","None","","","57.1",""
"Lesotho","2004","","Primary","","","66.1",""
"Lesotho","2004","","Secondary or higher","","","76.7",""
"Lesotho","2004","","","Urban","","83.5",""
"Lesotho","2004","","","Rural","","67.0",""
"Lesotho","2004","Male","","","","69.2",""
"Lesotho","2004","Female","","","","70.0",""
"Liberia","2007","Male","","","","67.4",""
"Liberia","2007","Female","","","","64.4",""
"Liberia","2007","","None","","","61.5",""
"Liberia","2007","","Primary","","","65.9",""
"Liberia","2007","","Secondary or higher","","","77.0",""
"Liberia","2007","","","Urban","","76.1",""
"Liberia","2007","","","Rural","","60.9",""
"Liberia","2007","","","","Q1 (Poorest)","54.8",""
"Liberia","2007","","","","Q2","56.7",""
"Liberia","2007","","","","Q3","67.9",""
"Liberia","2007","","","","Q4","76.3",""
"Liberia","2007","","","","Q5 (Richest)","78.3",""
"Madagascar","2008","","None","","","36.9",""
"Madagascar","2008","","Primary","","","47.4",""
"Madagascar","2008","","Secondary or higher","","","67.2",""
"Madagascar","2008","","","","Q1 (Poorest)","34.9",""
"Madagascar","2008","","","","Q2","41.7",""
"Madagascar","2008","","","","Q3","47.6",""
"Madagascar","2008","","","","Q4","55.0",""
"Madagascar","2008","","","","Q5 (Richest)","75.4",""
"Madagascar","2008","","","Urban","","70.5",""
"Madagascar","2008","","","Rural","","46.4",""
"Madagascar","2008","Male","","","","48.9",""
"Madagascar","2008","Female","","","","49.8",""
"Madagascar","2003","","","Urban","","53.2",""
"Madagascar","2003","","","Rural","","36.7",""
"Madagascar","2003","","None","","","25.0",""
"Madagascar","2003","","Primary","","","35.3",""
"Madagascar","2003","","Secondary or higher","","","66.5",""
"Madagascar","2003","","","","Q1 (Poorest)","28.6",""
"Madagascar","2003","","","","Q2","31.9",""
"Madagascar","2003","","","","Q3","31.2",""
"Madagascar","2003","","","","Q4","47.4",""
"Madagascar","2003","","","","Q5 (Richest)","68.0",""
"Madagascar","2003","Male","","","","38.0",""
"Madagascar","2003","Female","","","","41.8",""
"Malawi","2010","Male","","","","46.0",""
"Malawi","2010","Female","","","","45.0",""
"Malawi","2010","","None","","","44.1",""
"Malawi","2010","","Primary","","","44.3",""
"Malawi","2010","","Secondary or higher","","","51.6",""
"Malawi","2010","","","Urban","","48.6",""
"Malawi","2010","","","Rural","","44.9",""
"Malawi","2010","","","","Q1 (Poorest)","40.6",""
"Malawi","2010","","","","Q2","45.1",""
"Malawi","2010","","","","Q3","46.0",""
"Malawi","2010","","","","Q4","45.5",""
"Malawi","2010","","","","Q5 (Richest)","51.0",""
"Malawi","2004","","","","Q1 (Poorest)","52.5",""
"Malawi","2004","","","","Q2","52.1",""
"Malawi","2004","","","","Q3","53.7",""
"Malawi","2004","","","","Q4","60.0",""
"Malawi","2004","","","","Q5 (Richest)","69.0",""
"Malawi","2004","Male","","","","56.8",""
"Malawi","2004","Female","","","","57.4",""
"Malawi","2004","","","Urban","","65.2",""
"Malawi","2004","","","Rural","","55.7",""
"Malawi","2004","","None","","","52.7",""
"Malawi","2004","","Primary","","","56.5",""
"Malawi","2004","","Secondary or higher","","","69.0",""
"Malawi","2000","","","Urban","","68.3",""
"Malawi","2000","","","Rural","","54.1",""
"Malawi","2000","Male","","","","56.2",""
"Malawi","2000","Female","","","","55.8",""
"Malawi","2000","","None","","","49.1",""
"Malawi","2000","","Primary","","","57.6",""
"Malawi","2000","","Secondary or higher","","","69.9",""
"Malawi","2000","","","","Q1 (Poorest)","50.8",""
"Malawi","2000","","","","Q2","53.6",""
"Malawi","2000","","","","Q3","56.2",""
"Malawi","2000","","","","Q4","56.3",""
"Malawi","2000","","","","Q5 (Richest)","63.7",""
"Maldives","2009","","","","Q1 (Poorest)","87.5",""
"Maldives","2009","","","","Q2","87.4",""
"Maldives","2009","","","","Q3","86.2",""
"Maldives","2009","","","","Q4","82.5",""
"Maldives","2009","","","","Q5 (Richest)","80.4",""
"Maldives","2009","Male","","","","84.5",""
"Maldives","2009","Female","","","","85.2",""
"Maldives","2009","","","Urban","","79.6",""
"Maldives","2009","","","Rural","","87.1",""
"Maldives","2009","","None","","","83.4",""
"Maldives","2009","","Primary","","","84.2",""
"Maldives","2009","","Secondary or higher","","","85.6",""
"Mali","2006","","None","","","31.2",""
"Mali","2006","","Primary","","","51.3",""
"Mali","2006","","Secondary or higher","","","70.2",""
"Mali","2006","","","","Q1 (Poorest)","22.9",""
"Mali","2006","","","","Q2","27.3",""
"Mali","2006","","","","Q3","28.4",""
"Mali","2006","","","","Q4","36.0",""
"Mali","2006","","","","Q5 (Richest)","63.8",""
"Mali","2006","Male","","","","34.5",""
"Mali","2006","Female","","","","36.3",""
"Mali","2006","","","Urban","","54.8",""
"Mali","2006","","","Rural","","27.6",""
"Mali","2001","","","Urban","","57.3",""
"Mali","2001","","","Rural","","21.0",""
"Mali","2001","Male","","","","29.9",""
"Mali","2001","Female","","","","29.8",""
"Mali","2001","","None","","","24.9",""
"Mali","2001","","Primary","","","47.8",""
"Mali","2001","","Secondary or higher","","","73.8",""
"Mali","2001","","","","Q1 (Poorest)","16.0",""
"Mali","2001","","","","Q2","20.1",""
"Mali","2001","","","","Q3","20.7",""
"Mali","2001","","","","Q4","33.1",""
"Mali","2001","","","","Q5 (Richest)","63.8",""
"Morocco","2003","Male","","","","29.2",""
"Morocco","2003","Female","","","","31.8",""
"Morocco","2003","","","","Q1 (Poorest)","10.6",""
"Morocco","2003","","","","Q2","19.6",""
"Morocco","2003","","","","Q3","27.9",""
"Morocco","2003","","","","Q4","40.8",""
"Morocco","2003","","","","Q5 (Richest)","60.4",""
"Morocco","2003","","None","","","19.6",""
"Morocco","2003","","Primary","","","34.5",""
"Morocco","2003","","Secondary or higher","","","58.2",""
"Morocco","2003","","","Urban","","44.0",""
"Morocco","2003","","","Rural","","14.9",""
"Mozambique","2003","","","Urban","","70.7",""
"Mozambique","2003","","","Rural","","45.2",""
"Mozambique","2003","","None","","","42.4",""
"Mozambique","2003","","Primary","","","59.6",""
"Mozambique","2003","","Secondary or higher","","","84.3",""
"Mozambique","2003","","","","Q1 (Poorest)","36.6",""
"Mozambique","2003","","","","Q2","44.8",""
"Mozambique","2003","","","","Q3","52.1",""
"Mozambique","2003","","","","Q4","64.0",""
"Mozambique","2003","","","","Q5 (Richest)","76.4",""
"Mozambique","2003","Male","","","","53.4",""
"Mozambique","2003","Female","","","","52.9",""
"Namibia","2006","","","Urban","","73.0",""
"Namibia","2006","","","Rural","","68.4",""
"Namibia","2006","Male","","","","71.0",""
"Namibia","2006","Female","","","","69.8",""
"Namibia","2006","","","","Q1 (Poorest)","64.2",""
"Namibia","2006","","","","Q2","68.3",""
"Namibia","2006","","","","Q3","69.9",""
"Namibia","2006","","","","Q4","73.5",""
"Namibia","2006","","","","Q5 (Richest)","76.5",""
"Namibia","2006","","None","","","50.7",""
"Namibia","2006","","Primary","","","66.7",""
"Namibia","2006","","Secondary or higher","","","75.1",""
"Namibia","2000","","","Urban","","75.4",""
"Namibia","2000","","","Rural","","65.5",""
"Namibia","2000","","","","Q1 (Poorest)","59.9",""
"Namibia","2000","","","","Q2","65.1",""
"Namibia","2000","","","","Q3","72.2",""
"Namibia","2000","","","","Q4","69.4",""
"Namibia","2000","","","","Q5 (Richest)","78.1",""
"Namibia","2000","","None","","","47.7",""
"Namibia","2000","","Primary","","","70.0",""
"Namibia","2000","","Secondary or higher","","","73.7",""
"Namibia","2000","Male","","","","68.1",""
"Namibia","2000","Female","","","","70.2",""
"Nepal","2011","","","Urban","","71.8",""
"Nepal","2011","","","Rural","","47.7",""
"Nepal","2011","Male","","","","51.2",""
"Nepal","2011","Female","","","","48.8",""
"Nepal","2011","","None","","","28.7",""
"Nepal","2011","","Primary","","","51.6",""
"Nepal","2011","","Secondary or higher","","","75.4",""
"Nepal","2011","","","","Q1 (Poorest)","28.3",""
"Nepal","2011","","","","Q2","39.1",""
"Nepal","2011","","","","Q3","48.0",""
"Nepal","2011","","","","Q4","65.1",""
"Nepal","2011","","","","Q5 (Richest)","83.7",""
"Nepal","2006","","None","","","16.1",""
"Nepal","2006","","Primary","","","35.6",""
"Nepal","2006","","Secondary or higher","","","57.3",""
"Nepal","2006","","","","Q1 (Poorest)","10.5",""
"Nepal","2006","","","","Q2","20.1",""
"Nepal","2006","","","","Q3","27.6",""
"Nepal","2006","","","","Q4","38.0",""
"Nepal","2006","","","","Q5 (Richest)","60.3",""
"Nepal","2006","Male","","","","30.1",""
"Nepal","2006","Female","","","","28.7",""
"Nepal","2006","","","Urban","","51.9",""
"Nepal","2006","","","Rural","","26.0",""
"Nepal","2001","Male","","","","14.1",""
"Nepal","2001","Female","","","","14.5",""
"Nepal","2001","","","Urban","","48.4",""
"Nepal","2001","","","Rural","","11.8",""
"Nepal","2001","","","","Q1 (Poorest)","4.7",""
"Nepal","2001","","","","Q2","4.9",""
"Nepal","2001","","","","Q3","11.8",""
"Nepal","2001","","","","Q4","16.6",""
"Nepal","2001","","","","Q5 (Richest)","44.0",""
"Nepal","2001","","None","","","7.5",""
"Nepal","2001","","Primary","","","19.7",""
"Nepal","2001","","Secondary or higher","","","46.2",""
"Nicaragua","2001","","None","","","45.2",""
"Nicaragua","2001","","Primary","","","70.2",""
"Nicaragua","2001","","Secondary or higher","","","86.6",""
"Nicaragua","2001","","","","Q1 (Poorest)","47.8",""
"Nicaragua","2001","","","","Q2","67.7",""
"Nicaragua","2001","","","","Q3","76.5",""
"Nicaragua","2001","","","","Q4","84.2",""
"Nicaragua","2001","","","","Q5 (Richest)","89.6",""
"Nicaragua","2001","","","Urban","","82.1",""
"Nicaragua","2001","","","Rural","","59.3",""
"Nicaragua","2001","Male","","","","71.3",""
"Nicaragua","2001","Female","","","","71.9",""
"Nicaragua","1997","","None","","","40.4",""
"Nicaragua","1997","","Primary","","","62.5",""
"Nicaragua","1997","","Secondary or higher","","","81.3",""
"Nicaragua","1997","","","","Q1 (Poorest)","43.2",""
"Nicaragua","1997","","","","Q2","60.8",""
"Nicaragua","1997","","","","Q3","68.6",""
"Nicaragua","1997","","","","Q4","76.9",""
"Nicaragua","1997","","","","Q5 (Richest)","85.3",""
"Nicaragua","1997","Male","","","","65.6",""
"Nicaragua","1997","Female","","","","64.1",""
"Nicaragua","1997","","","Urban","","74.0",""
"Nicaragua","1997","","","Rural","","53.4",""
"Niger","2006","","","Urban","","35.3",""
"Niger","2006","","","Rural","","11.1",""
"Niger","2006","Male","","","","14.4",""
"Niger","2006","Female","","","","15.4",""
"Niger","2006","","","","Q1 (Poorest)","8.6",""
"Niger","2006","","","","Q2","10.3",""
"Niger","2006","","","","Q3","9.4",""
"Niger","2006","","","","Q4","13.1",""
"Niger","2006","","","","Q5 (Richest)","34.6",""
"Niger","2006","","None","","","12.3",""
"Niger","2006","","Primary","","","24.2",""
"Niger","2006","","Secondary or higher","","","54.4",""
"Nigeria","2008","","None","","","21.9",""
"Nigeria","2008","","Primary","","","53.9",""
"Nigeria","2008","","Secondary or higher","","","71.1",""
"Nigeria","2008","Male","","","","44.4",""
"Nigeria","2008","Female","","","","45.3",""
"Nigeria","2008","","","Urban","","68.8",""
"Nigeria","2008","","","Rural","","34.4",""
"Nigeria","2008","","","","Q1 (Poorest)","15.7",""
"Nigeria","2008","","","","Q2","28.6",""
"Nigeria","2008","","","","Q3","47.6",""
"Nigeria","2008","","","","Q4","64.2",""
"Nigeria","2008","","","","Q5 (Richest)","80.6",""
"Nigeria","2003","","None","","","25.0",""
"Nigeria","2003","","Primary","","","59.6",""
"Nigeria","2003","","Secondary or higher","","","80.6",""
"Nigeria","2003","","","Urban","","71.1",""
"Nigeria","2003","","","Rural","","37.6",""
"Nigeria","2003","Male","","","","46.5",""
"Nigeria","2003","Female","","","","48.4",""
"Nigeria","2003","","","","Q1 (Poorest)","23.6",""
"Nigeria","2003","","","","Q2","27.7",""
"Nigeria","2003","","","","Q3","44.6",""
"Nigeria","2003","","","","Q4","63.9",""
"Nigeria","2003","","","","Q5 (Richest)","88.0",""
"Pakistan","2006","Male","","","","29.0",""
"Pakistan","2006","Female","","","","27.6",""
"Pakistan","2006","","","Urban","","48.3",""
"Pakistan","2006","","","Rural","","19.8",""
"Pakistan","2006","","None","","","17.4",""
"Pakistan","2006","","Primary","","","32.0",""
"Pakistan","2006","","Secondary or higher","","","60.7",""
"Pakistan","2006","","","","Q1 (Poorest)","10.1",""
"Pakistan","2006","","","","Q2","14.4",""
"Pakistan","2006","","","","Q3","21.9",""
"Pakistan","2006","","","","Q4","38.4",""
"Pakistan","2006","","","","Q5 (Richest)","64.0",""
"Peru","2004","","","","Q1 (Poorest)","78.0","2"
"Peru","2004","","","","Q2","85.2","2"
"Peru","2004","","","","Q3","91.4","2"
"Peru","2004","","","","Q4","95.3","2"
"Peru","2004","","","","Q5 (Richest)","97.1","2"
"Peru","2004","","None","","","79.6","2"
"Peru","2004","","Primary","","","83.4","2"
"Peru","2004","","Secondary or higher","","","93.8","2"
"Peru","2004","","","Urban","","93.5","2"
"Peru","2004","","","Rural","","84.1","2"
"Peru","2004","Male","","","","90.2","2"
"Peru","2004","Female","","","","89.4","2"
"Peru","2000","","","Urban","","81.1",""
"Peru","2000","","","Rural","","50.9",""
"Peru","2000","Male","","","","68.5",""
"Peru","2000","Female","","","","68.4",""
"Peru","2000","","None","","","38.8",""
"Peru","2000","","Primary","","","51.8",""
"Peru","2000","","Secondary or higher","","","83.3",""
"Peru","2000","","","","Q1 (Poorest)","42.8",""
"Peru","2000","","","","Q2","59.3",""
"Peru","2000","","","","Q3","76.1",""
"Peru","2000","","","","Q4","87.6",""
"Peru","2000","","","","Q5 (Richest)","93.3",""
"Peru","1996","","None","","","19.2",""
"Peru","1996","","Primary","","","33.4",""
"Peru","1996","","Secondary or higher","","","72.2",""
"Peru","1996","Male","","","","53.1",""
"Peru","1996","Female","","","","53.0",""
"Peru","1996","","","Urban","","68.1",""
"Peru","1996","","","Rural","","26.9",""
"Peru","1996","","","","Q1 (Poorest)","18.5",""
"Peru","1996","","","","Q2","43.2",""
"Peru","1996","","","","Q3","61.2",""
"Peru","1996","","","","Q4","74.7",""
"Peru","1996","","","","Q5 (Richest)","89.0",""
"Philippines","2008","","","","Q1 (Poorest)","61.1",""
"Philippines","2008","","","","Q2","71.5",""
"Philippines","2008","","","","Q3","82.4",""
"Philippines","2008","","","","Q4","88.9",""
"Philippines","2008","","","","Q5 (Richest)","93.1",""
"Philippines","2008","","","Urban","","83.0",""
"Philippines","2008","","","Rural","","72.6",""
"Philippines","2008","Male","","","","76.8",""
"Philippines","2008","Female","","","","78.9",""
"Philippines","2008","","None","","","31.8",""
"Philippines","2008","","Primary","","","62.0",""
"Philippines","2008","","Secondary or higher","","","83.5",""
"Philippines","2003","","","Urban","","78.2",""
"Philippines","2003","","","Rural","","62.3",""
"Philippines","2003","","None","","","30.6",""
"Philippines","2003","","Primary","","","54.8",""
"Philippines","2003","","Secondary or higher","","","77.6",""
"Philippines","2003","","","","Q1 (Poorest)","52.5",""
"Philippines","2003","","","","Q2","63.4",""
"Philippines","2003","","","","Q3","72.5",""
"Philippines","2003","","","","Q4","83.3",""
"Philippines","2003","","","","Q5 (Richest)","90.1",""
"Philippines","2003","Male","","","","69.6",""
"Philippines","2003","Female","","","","71.2",""
"Philippines","1998","Male","","","","63.4",""
"Philippines","1998","Female","","","","64.5",""
"Philippines","1998","","None","","","29.0",""
"Philippines","1998","","Primary","","","45.5",""
"Philippines","1998","","Secondary or higher","","","74.0",""
"Philippines","1998","","","Urban","","76.3",""
"Philippines","1998","","","Rural","","52.6",""
"Philippines","1998","","","","Q1 (Poorest)","41.8",""
"Philippines","1998","","","","Q2","54.3",""
"Philippines","1998","","","","Q3","70.4",""
"Philippines","1998","","","","Q4","79.3",""
"Philippines","1998","","","","Q5 (Richest)","88.1",""
"Philippines","1993","","","Urban","","64.6",""
"Philippines","1993","","","Rural","","44.6",""
"Philippines","1993","Male","","","","54.2",""
"Philippines","1993","Female","","","","54.8",""
"Philippines","1993","","None","","","29.9",""
"Philippines","1993","","Primary","","","40.6",""
"Philippines","1993","","Secondary or higher","","","65.1",""
"Republic of Moldova","2005","Male","","","","88.7",""
"Republic of Moldova","2005","Female","","","","88.9",""
"Republic of Moldova","2005","","","Urban","","88.0",""
"Republic of Moldova","2005","","","Rural","","89.4",""
"Republic of Moldova","2005","","Secondary or higher","","","89.3",""
"Republic of Moldova","2005","","","","Q1 (Poorest)","85.4",""
"Republic of Moldova","2005","","","","Q2","90.2",""
"Republic of Moldova","2005","","","","Q3","89.1",""
"Republic of Moldova","2005","","","","Q4","90.3",""
"Republic of Moldova","2005","","","","Q5 (Richest)","88.9",""
"Rwanda","2010","Male","","","","34.5",""
"Rwanda","2010","Female","","","","36.4",""
"Rwanda","2010","","","","Q1 (Poorest)","34.1",""
"Rwanda","2010","","","","Q2","34.5",""
"Rwanda","2010","","","","Q3","32.6",""
"Rwanda","2010","","","","Q4","34.4",""
"Rwanda","2010","","","","Q5 (Richest)","42.5",""
"Rwanda","2010","","","Urban","","40.4",""
"Rwanda","2010","","","Rural","","34.7",""
"Rwanda","2010","","None","","","32.7",""
"Rwanda","2010","","Primary","","","35.1",""
"Rwanda","2010","","Secondary or higher","","","43.1",""
"Rwanda","2005","","","","Q1 (Poorest)","10.4",""
"Rwanda","2005","","","","Q2","11.6",""
"Rwanda","2005","","","","Q3","11.7",""
"Rwanda","2005","","","","Q4","13.5",""
"Rwanda","2005","","","","Q5 (Richest)","20.5",""
"Rwanda","2005","","None","","","12.6",""
"Rwanda","2005","","Primary","","","11.9",""
"Rwanda","2005","","Secondary or higher","","","26.0",""
"Rwanda","2005","","","Urban","","17.6",""
"Rwanda","2005","","","Rural","","12.6",""
"Rwanda","2005","Male","","","","13.1",""
"Rwanda","2005","Female","","","","13.6",""
"Rwanda","2000","","","Urban","","19.1",""
"Rwanda","2000","","","Rural","","8.9",""
"Rwanda","2000","","","","Q1 (Poorest)","8.5",""
"Rwanda","2000","","","","Q2","9.0",""
"Rwanda","2000","","","","Q3","7.9",""
"Rwanda","2000","","","","Q4","8.4",""
"Rwanda","2000","","","","Q5 (Richest)","18.3",""
"Rwanda","2000","","None","","","8.3",""
"Rwanda","2000","","Primary","","","9.3",""
"Rwanda","2000","","Secondary or higher","","","23.1",""
"Rwanda","2000","Male","","","","9.8",""
"Rwanda","2000","Female","","","","10.9",""
"Sao Tome and Principe","2008","","None","","","53.3",""
"Sao Tome and Principe","2008","","Primary","","","70.2",""
"Sao Tome and Principe","2008","","Secondary or higher","","","81.8",""
"Sao Tome and Principe","2008","Male","","","","70.3",""
"Sao Tome and Principe","2008","Female","","","","74.5",""
"Sao Tome and Principe","2008","","","Urban","","75.9",""
"Sao Tome and Principe","2008","","","Rural","","68.9",""
"Sao Tome and Principe","2008","","","","Q1 (Poorest)","57.7",""
"Sao Tome and Principe","2008","","","","Q2","66.0",""
"Sao Tome and Principe","2008","","","","Q3","73.4",""
"Sao Tome and Principe","2008","","","","Q4","77.2",""
"Sao Tome and Principe","2008","","","","Q5 (Richest)","90.7",""
"Senegal","2010","Male","","","","49.4",""
"Senegal","2010","Female","","","","50.7",""
"Senegal","2010","","None","","","45.1",""
"Senegal","2010","","Primary","","","58.1",""
"Senegal","2010","","Secondary or higher","","","66.9",""
"Senegal","2010","","","Urban","","62.1",""
"Senegal","2010","","","Rural","","41.5",""
"Senegal","2010","","","","Q1 (Poorest)","32.4",""
"Senegal","2010","","","","Q2","41.4",""
"Senegal","2010","","","","Q3","51.4",""
"Senegal","2010","","","","Q4","60.0",""
"Senegal","2010","","","","Q5 (Richest)","68.9",""
"Senegal","2005","Male","","","","38.6",""
"Senegal","2005","Female","","","","41.2",""
"Senegal","2005","","","Urban","","50.6",""
"Senegal","2005","","","Rural","","33.0",""
"Senegal","2005","","None","","","35.6",""
"Senegal","2005","","Primary","","","45.2",""
"Senegal","2005","","Secondary or higher","","","62.2",""
"Senegal","2005","","","","Q1 (Poorest)","28.4",""
"Senegal","2005","","","","Q2","30.5",""
"Senegal","2005","","","","Q3","37.9",""
"Senegal","2005","","","","Q4","47.3",""
"Senegal","2005","","","","Q5 (Richest)","60.2",""
"Senegal","1997","","None","","","14.8",""
"Senegal","1997","","Primary","","","22.0",""
"Senegal","1997","","Secondary or higher","","","37.4",""
"Senegal","1997","","","","Q1 (Poorest)","11.5",""
"Senegal","1997","","","","Q2","12.7",""
"Senegal","1997","","","","Q3","17.2",""
"Senegal","1997","","","","Q4","18.5",""
"Senegal","1997","","","","Q5 (Richest)","31.1",""
"Senegal","1997","","","Urban","","25.0",""
"Senegal","1997","","","Rural","","13.8",""
"Senegal","1997","Male","","","","17.2",""
"Senegal","1997","Female","","","","18.1",""
"Sierra Leone","2008","","None","","","53.4",""
"Sierra Leone","2008","","Primary","","","60.1",""
"Sierra Leone","2008","","Secondary or higher","","","67.9",""
"Sierra Leone","2008","","","","Q1 (Poorest)","48.8",""
"Sierra Leone","2008","","","","Q2","52.4",""
"Sierra Leone","2008","","","","Q3","55.7",""
"Sierra Leone","2008","","","","Q4","56.7",""
"Sierra Leone","2008","","","","Q5 (Richest)","70.0",""
"Sierra Leone","2008","","","Urban","","65.9",""
"Sierra Leone","2008","","","Rural","","52.2",""
"Sierra Leone","2008","Male","","","","56.7",""
"Sierra Leone","2008","Female","","","","55.6",""
"South Africa","1998","Male","","","","72.6",""
"South Africa","1998","Female","","","","75.2",""
"South Africa","1998","","","","Q1 (Poorest)","65.4",""
"South Africa","1998","","","","Q2","73.7",""
"South Africa","1998","","","","Q3","73.6",""
"South Africa","1998","","","","Q4","74.0",""
"South Africa","1998","","","","Q5 (Richest)","87.1",""
"South Africa","1998","","","Urban","","76.4",""
"South Africa","1998","","","Rural","","71.3",""
"South Africa","1998","","None","","","66.3",""
"South Africa","1998","","Primary","","","70.8",""
"South Africa","1998","","Secondary or higher","","","76.2",""
"Swaziland","2006","","","","Q1 (Poorest)","72.4",""
"Swaziland","2006","","","","Q2","76.8",""
"Swaziland","2006","","","","Q3","78.4",""
"Swaziland","2006","","","","Q4","82.9",""
"Swaziland","2006","","","","Q5 (Richest)","85.0",""
"Swaziland","2006","","None","","","75.6",""
"Swaziland","2006","","Primary","","","76.8",""
"Swaziland","2006","","Secondary or higher","","","81.2",""
"Swaziland","2006","","","Urban","","84.1",""
"Swaziland","2006","","","Rural","","77.8",""
"Swaziland","2006","Male","","","","79.0",""
"Swaziland","2006","Female","","","","79.5",""
"Timor-Leste","2009","","","Urban","","62.8",""
"Timor-Leste","2009","","","Rural","","52.5",""
"Timor-Leste","2009","Male","","","","55.7",""
"Timor-Leste","2009","Female","","","","54.4",""
"Timor-Leste","2009","","","","Q1 (Poorest)","41.3",""
"Timor-Leste","2009","","","","Q2","44.9",""
"Timor-Leste","2009","","","","Q3","57.4",""
"Timor-Leste","2009","","","","Q4","63.1",""
"Timor-Leste","2009","","","","Q5 (Richest)","68.4",""
"Timor-Leste","2009","","None","","","44.3",""
"Timor-Leste","2009","","Primary","","","54.2",""
"Timor-Leste","2009","","Secondary or higher","","","64.6",""
"Turkey","2003","","None","","","17.2",""
"Turkey","2003","","Primary","","","50.3",""
"Turkey","2003","","Secondary or higher","","","83.7",""
"Turkey","2003","","","Urban","","63.7",""
"Turkey","2003","","","Rural","","32.5",""
"Turkey","2003","Male","","","","54.5",""
"Turkey","2003","Female","","","","53.2",""
"Turkey","2003","","","","Q1 (Poorest)","19.2",""
"Turkey","2003","","","","Q2","41.8",""
"Turkey","2003","","","","Q3","57.2",""
"Turkey","2003","","","","Q4","69.8",""
"Turkey","2003","","","","Q5 (Richest)","86.8",""
"Turkey","1998","","None","","","16.3",""
"Turkey","1998","","Primary","","","43.4",""
"Turkey","1998","","Secondary or higher","","","77.4",""
"Turkey","1998","","","Urban","","54.5",""
"Turkey","1998","","","Rural","","30.0",""
"Turkey","1998","","","","Q1 (Poorest)","16.5",""
"Turkey","1998","","","","Q2","28.9",""
"Turkey","1998","","","","Q3","45.6",""
"Turkey","1998","","","","Q4","61.0",""
"Turkey","1998","","","","Q5 (Richest)","83.6",""
"Turkey","1998","Male","","","","44.1",""
"Turkey","1998","Female","","","","48.1",""
"Turkey","1993","","None","","","14.6",""
"Turkey","1993","","Primary","","","40.1",""
"Turkey","1993","","Secondary or higher","","","76.2",""
"Turkey","1993","Male","","","","39.8",""
"Turkey","1993","Female","","","","40.0",""
"Turkey","1993","","","Urban","","50.4",""
"Turkey","1993","","","Rural","","22.5",""
"Turkey","1993","","","","Q1 (Poorest)","12.7",""
"Turkey","1993","","","","Q2","23.4",""
"Turkey","1993","","","","Q3","36.2",""
"Turkey","1993","","","","Q4","58.4",""
"Turkey","1993","","","","Q5 (Richest)","75.0",""
"Uganda","2006","Male","","","","47.3",""
"Uganda","2006","Female","","","","47.1",""
"Uganda","2006","","","Urban","","59.6",""
"Uganda","2006","","","Rural","","45.3",""
"Uganda","2006","","None","","","41.0",""
"Uganda","2006","","Primary","","","45.4",""
"Uganda","2006","","Secondary or higher","","","62.7",""
"Uganda","2006","","","","Q1 (Poorest)","44.2",""
"Uganda","2006","","","","Q2","42.1",""
"Uganda","2006","","","","Q3","42.1",""
"Uganda","2006","","","","Q4","45.0",""
"Uganda","2006","","","","Q5 (Richest)","64.3",""
"Uganda","2000","","","Urban","","66.2",""
"Uganda","2000","","","Rural","","38.4",""
"Uganda","2000","Male","","","","41.7",""
"Uganda","2000","Female","","","","42.1",""
"Uganda","2000","","None","","","33.9",""
"Uganda","2000","","Primary","","","39.5",""
"Uganda","2000","","Secondary or higher","","","68.2",""
"Uganda","2000","","","","Q1 (Poorest)","41.9",""
"Uganda","2000","","","","Q2","44.6",""
"Uganda","2000","","","","Q3","40.7",""
"Uganda","2000","","","","Q4","37.2",""
"Uganda","2000","","","","Q5 (Richest)","44.3",""
"Uganda","1995","Male","","","","46.4",""
"Uganda","1995","Female","","","","49.0",""
"Uganda","1995","","","","Q1 (Poorest)","40.4",""
"Uganda","1995","","","","Q2","38.8",""
"Uganda","1995","","","","Q3","47.1",""
"Uganda","1995","","","","Q4","48.1",""
"Uganda","1995","","","","Q5 (Richest)","66.2",""
"Uganda","1995","","None","","","39.4",""
"Uganda","1995","","Primary","","","47.3",""
"Uganda","1995","","Secondary or higher","","","73.5",""
"Uganda","1995","","","Urban","","68.0",""
"Uganda","1995","","","Rural","","45.0",""
"Ukraine","2007","Male","","","","78.7",""
"Ukraine","2007","Female","","","","75.9",""
"Ukraine","2007","","","","Q1 (Poorest)","84.3",""
"Ukraine","2007","","","","Q2","82.4",""
"Ukraine","2007","","","","Q3","73.6",""
"Ukraine","2007","","","","Q4","71.7",""
"Ukraine","2007","","","","Q5 (Richest)","76.2",""
"Ukraine","2007","","","Urban","","74.8",""
"Ukraine","2007","","","Rural","","82.6",""
"Ukraine","2007","","Secondary or higher","","","77.3",""
"United Republic of Tanzania","2010","Male","","","","42.7",""
"United Republic of Tanzania","2010","Female","","","","42.9",""
"United Republic of Tanzania","2010","","","","Q1 (Poorest)","37.1",""
"United Republic of Tanzania","2010","","","","Q2","34.8",""
"United Republic of Tanzania","2010","","","","Q3","39.9",""
"United Republic of Tanzania","2010","","","","Q4","47.1",""
"United Republic of Tanzania","2010","","","","Q5 (Richest)","58.7",""
"United Republic of Tanzania","2010","","","Urban","","54.9",""
"United Republic of Tanzania","2010","","","Rural","","39.2",""
"United Republic of Tanzania","2010","","None","","","34.9",""
"United Republic of Tanzania","2010","","Primary","","","43.1",""
"United Republic of Tanzania","2010","","Secondary or higher","","","65.3",""
"United Republic of Tanzania","2004","","","","Q1 (Poorest)","52.2",""
"United Republic of Tanzania","2004","","","","Q2","59.0",""
"United Republic of Tanzania","2004","","","","Q3","58.9",""
"United Republic of Tanzania","2004","","","","Q4","63.4",""
"United Republic of Tanzania","2004","","","","Q5 (Richest)","75.6",""
"United Republic of Tanzania","2004","Male","","","","61.2",""
"United Republic of Tanzania","2004","Female","","","","61.8",""
"United Republic of Tanzania","2004","","","Urban","","71.4",""
"United Republic of Tanzania","2004","","","Rural","","58.6",""
"United Republic of Tanzania","2004","","None","","","54.1",""
"United Republic of Tanzania","2004","","Primary","","","62.6",""
"United Republic of Tanzania","2004","","Secondary or higher","","","81.6",""
"United Republic of Tanzania","1999","","","Urban","","85.6",""
"United Republic of Tanzania","1999","","","Rural","","65.3",""
"United Republic of Tanzania","1999","","None","","","56.8",""
"United Republic of Tanzania","1999","","Primary","","","74.1",""
"United Republic of Tanzania","1999","","Secondary or higher","","","85.8",""
"United Republic of Tanzania","1999","Male","","","","71.6",""
"United Republic of Tanzania","1999","Female","","","","68.3",""
"United Republic of Tanzania","1999","","","","Q1 (Poorest)","59.4",""
"United Republic of Tanzania","1999","","","","Q2","68.4",""
"United Republic of Tanzania","1999","","","","Q3","66.3",""
"United Republic of Tanzania","1999","","","","Q4","71.4",""
"United Republic of Tanzania","1999","","","","Q5 (Richest)","85.1",""
"United Republic of Tanzania","1996","","","Urban","","76.3",""
"United Republic of Tanzania","1996","","","Rural","","68.1",""
"United Republic of Tanzania","1996","Male","","","","69.5",""
"United Republic of Tanzania","1996","Female","","","","70.0",""
"United Republic of Tanzania","1996","","","","Q1 (Poorest)","59.4",""
"United Republic of Tanzania","1996","","","","Q2","71.2",""
"United Republic of Tanzania","1996","","","","Q3","67.9",""
"United Republic of Tanzania","1996","","","","Q4","71.2",""
"United Republic of Tanzania","1996","","","","Q5 (Richest)","80.2",""
"United Republic of Tanzania","1996","","None","","","62.4",""
"United Republic of Tanzania","1996","","Primary","","","72.5",""
"United Republic of Tanzania","1996","","Secondary or higher","","","78.9",""
"Zambia","2007","","None","","","56.1",""
"Zambia","2007","","Primary","","","60.0",""
"Zambia","2007","","Secondary or higher","","","63.2",""
"Zambia","2007","","","Urban","","58.6",""
"Zambia","2007","","","Rural","","61.2",""
"Zambia","2007","","","","Q1 (Poorest)","59.3",""
"Zambia","2007","","","","Q2","61.0",""
"Zambia","2007","","","","Q3","62.2",""
"Zambia","2007","","","","Q4","57.8",""
"Zambia","2007","","","","Q5 (Richest)","61.6",""
"Zambia","2007","Male","","","","61.2",""
"Zambia","2007","Female","","","","59.4",""
"Zambia","2001","Male","","","","71.4",""
"Zambia","2001","Female","","","","71.8",""
"Zambia","2001","","","Urban","","79.6",""
"Zambia","2001","","","Rural","","67.5",""
"Zambia","2001","","","","Q1 (Poorest)","61.1",""
"Zambia","2001","","","","Q2","67.4",""
"Zambia","2001","","","","Q3","69.3",""
"Zambia","2001","","","","Q4","79.3",""
"Zambia","2001","","","","Q5 (Richest)","83.7",""
"Zambia","2001","","None","","","61.8",""
"Zambia","2001","","Primary","","","69.7",""
"Zambia","2001","","Secondary or higher","","","82.2",""
"Zambia","1996","","None","","","60.8",""
"Zambia","1996","","Primary","","","69.6",""
"Zambia","1996","","Secondary or higher","","","79.3",""
"Zambia","1996","","","","Q1 (Poorest)","61.5",""
"Zambia","1996","","","","Q2","65.2",""
"Zambia","1996","","","","Q3","68.8",""
"Zambia","1996","","","","Q4","75.9",""
"Zambia","1996","","","","Q5 (Richest)","83.8",""
"Zambia","1996","Male","","","","71.3",""
"Zambia","1996","Female","","","","70.1",""
"Zambia","1996","","","Urban","","79.0",""
"Zambia","1996","","","Rural","","64.9",""
"Zimbabwe","2010","Male","","","","64.1",""
"Zimbabwe","2010","Female","","","","65.5",""
"Zimbabwe","2010","","None","","","68.2",""
"Zimbabwe","2010","","Primary","","","58.2",""
"Zimbabwe","2010","","Secondary or higher","","","67.8",""
"Zimbabwe","2010","","","Urban","","66.0",""
"Zimbabwe","2010","","","Rural","","64.2",""
"Zimbabwe","2010","","","","Q1 (Poorest)","60.2",""
"Zimbabwe","2010","","","","Q2","62.6",""
"Zimbabwe","2010","","","","Q3","64.5",""
"Zimbabwe","2010","","","","Q4","65.2",""
"Zimbabwe","2010","","","","Q5 (Richest)","73.2",""
"Zimbabwe","2005","","","Urban","","75.8",""
"Zimbabwe","2005","","","Rural","","68.9",""
"Zimbabwe","2005","Male","","","","70.5",""
"Zimbabwe","2005","Female","","","","71.8",""
"Zimbabwe","2005","","None","","","59.6",""
"Zimbabwe","2005","","Primary","","","65.8",""
"Zimbabwe","2005","","Secondary or higher","","","74.9",""
"Zimbabwe","2005","","","","Q1 (Poorest)","64.9",""
"Zimbabwe","2005","","","","Q2","68.4",""
"Zimbabwe","2005","","","","Q3","72.3",""
"Zimbabwe","2005","","","","Q4","71.6",""
"Zimbabwe","2005","","","","Q5 (Richest)","80.3",""
"Zimbabwe","1999","","","","Q1 (Poorest)","69.3",""
"Zimbabwe","1999","","","","Q2","68.9",""
"Zimbabwe","1999","","","","Q3","64.5",""
"Zimbabwe","1999","","","","Q4","61.5",""
"Zimbabwe","1999","","","","Q5 (Richest)","58.4",""
"Zimbabwe","1999","Male","","","","64.1",""
"Zimbabwe","1999","Female","","","","64.4",""
"Zimbabwe","1999","","None","","","63.7",""
"Zimbabwe","1999","","Primary","","","61.5",""
"Zimbabwe","1999","","Secondary or higher","","","66.8",""
"Zimbabwe","1999","","","Urban","","59.2",""
"Zimbabwe","1999","","","Rural","","67.0",""

"footnoteSeqID","Footnote"
"1","Attention. Low sample size- Estimate is based on 25-49 cases."
"2","Continuous DHS 2004-2008."
